{"0":{"Paul":2285,"Matthew":927,"Thomas":3871,"John":9703,"Steven":1169,"Charles":3253,"Francis":886,"Elizabeth":2837,"Patricia":990,"Daniel":1707,"Michael":3953,"Frank":1061,"Alan":896,"Anne":1987,"George":2981,"Joseph":2862,"Kenneth":1143,"Mark":1596,"Mary":1767,"Douglas":807,"Edward":2529,"Roman":1663,"Richard":4630,"Ann":2539,"Jeffrey":1168,"Andrew":1538,"Stephen":1844,"Arthur":1074,"Nancy":938,"Christopher":1104,"David":5313,"Howard":897,"Donald":1637,"Henry":1085,"William":6444,"Philip":939,"James":5649,"Jane":921,"Bruce":834,"Barbara":1141,"Ellen":887,"Susan":1630,"Anthony":851,"Robert":7684,"Martin":839,"Peter":2882,"Jonathan":987,"Marie":1252},"percent":{"Paul":{"0":0.0090903666},"Matthew":{"0":0.0036878643},"Thomas":{"0":0.0153999165},"John":{"0":0.0386012372},"Steven":{"0":0.0046506077},"Charles":{"0":0.0129413403},"Francis":{"0":0.0035247548},"Elizabeth":{"0":0.0112863764},"Patricia":{"0":0.0039384958},"Daniel":{"0":0.0067909216},"Michael":{"0":0.0157261353},"Frank":{"0":0.0042209536},"Alan":{"0":0.0035645376},"Anne":{"0":0.0079048396},"George":{"0":0.0118592485},"Joseph":{"0":0.0113858333},"Kenneth":{"0":0.0045471724},"Mark":{"0":0.0063493326},"Mary":{"0":0.0070296183},"Douglas":{"0":0.0032104708},"Edward":{"0":0.0100610666},"Roman":{"0":0.0066158773},"Richard":{"0":0.0184194299},"Ann":{"0":0.0101008494},"Jeffrey":{"0":0.0046466294},"Andrew":{"0":0.0061185925},"Stephen":{"0":0.0073359457},"Arthur":{"0":0.0042726712},"Nancy":{"0":0.0037316253},"Christopher":{"0":0.0043920196},"David":{"0":0.0211365942},"Howard":{"0":0.0035685159},"Donald":{"0":0.0065124421},"Henry":{"0":0.0043164323},"William":{"0":0.0256360273},"Philip":{"0":0.0037356036},"James":{"0":0.0224732958},"Jane":{"0":0.0036639946},"Bruce":{"0":0.0033178844},"Barbara":{"0":0.0045392159},"Ellen":{"0":0.0035287331},"Susan":{"0":0.0064845941},"Anthony":{"0":0.0033855151},"Robert":{"0":0.0305690928},"Martin":{"0":0.0033377757},"Peter":{"0":0.0114653989},"Jonathan":{"0":0.003926561},"Marie":{"0":0.0049808048}}}